1,_2AkMXJ2KAf8NxqwFRmPkSzG7mZY5xzQjEieKhe5NbJRMxHRl-yT9kqksZtRB6PKdMb4i31mClxzd-vXDrDd9Uj6qViDgA,0033WrSXqPxfM72-Ws9jqgMF55529P9D9Whro3VT4Ubf8xGqXzG4ebM6
2,_2AkMXJ2L0f8NxqwFRmPkSzG7mZYpwzwzEieKhe5MvJRMxHRl-yT9jqnQutRB6PKdMG9LWIMGSIunw-eT6zTw5bSEc45qZ,0033WrSXqPxfM72-Ws9jqgMF55529P9D9W5-jj4_w4ufqS6gj1XAeLoN
3,_2AkMXJ2L4f8NxqwFRmPkSzG7nbI93yAvEieKhe5MjJRMxHRl-yT9kqlY_tRB6PKdMF4N5r3eW1JV0NDLI20PpG8X6zk2X,0033WrSXqPxfM72-Ws9jqgMF55529P9D9WFJ6bE8pwE3y9uZaUnMaLe.
4,_2AkMXJ2Luf8NxqwFRmPkSzG7nbIh_wgvEieKhe5M1JRMxHRl-yT9kqkM9tRB6PKdMAURPukeDYi1aOsNX_iF7tlR3D8oH,0033WrSXqPxfM72-Ws9jqgMF55529P9D9WWgg6EKY.j7V05A9Cp-xgqn
5,_2AkMXJ2LTf8NxqwFRmPkSzG7nbIR_ygzEieKhe5MIJRMxHRl-yT9jqnw-tRB6PKdMPIBtD9bHgDSG5rdEtIR2Hep0dexW,0033WrSXqPxfM72-Ws9jqgMF55529P9D9W5TliiS4o-KTilKXnCJQTWD
6,_2AkMXJ2LGf8NxqwFRmPkSzG7nbYlzzQjEieKhe5MdJRMxHRl-yT9kqkkHtRB6PKdMKSQViK8GAOmQbcSv1MDDTDUIxNcd,0033WrSXqPxfM72-Ws9jqgMF55529P9D9WFVd-__OfNq-4IIpiWHl8N8
7,_2AkMXJ2LJf8NxqwFRmPkSzG7nbYR2zArEieKhe5MSJRMxHRl-yT9jqhYDtRB6PKdMJkvEnW2MBjdS6xYJUXwYQjVcvl24,0033WrSXqPxfM72-Ws9jqgMF55529P9D9WWuoPAGyNyvDjeXmHfGLiBF
8,_2AkMXJ2E-f8NxqwFRmPkSzG7nbo53ywrEieKhe5DlJRMxHRl-yT9jqmUztRB6PKdP0QyPyCJ6o3Wb_ptMdc5mvi7xbVT6,0033WrSXqPxfM72-Ws9jqgMF55529P9D9WFvMbLJ2dVlAVvS20Lx3KlF
9,_2AkMXJ2Ehf8NxqwFRmPkSzG7nbopxzw3EieKhe5D6JRMxHRl-yT9kqkcGtRB6PKdPzlxBCGIO3cOB-J7QS0bL1ObLl-nV,0033WrSXqPxfM72-Ws9jqgMF55529P9D9WFTGhYUH.EZSMJdCS5dq3EJ
10,_2AkMXJ2EUf8NxqwFRmPkSzG7nb4x-ww_EieKhe5DPJRMxHRl-yT9kqkg5tRB6PKdP-yX5ibOIbFI-iBDgN6L92Y7__qUJ,0033WrSXqPxfM72-Ws9jqgMF55529P9D9WF1yZqZra9q6ZX2iCL.M81b
11,_2AkMXJ2Eaf8NxqwFRmPkSzG7nb4t1zA_EieKhe5DBJRMxHRl-yT9jqks_tRB6PKdP9X03D0pZK77sm5dvwWhQNS4UIKRM,0033WrSXqPxfM72-Ws9jqgMF55529P9D9WFuJsVjApMj_NIS3RWP_2gL
12,_2AkMXJ2EPf8NxqwFRmPkSzG7naI12zQ7EieKhe5DUJRMxHRl-yT9jqhwYtRB6PKdP4CsMgTeHGfnjQd3vhg8RMWcftLq9,0033WrSXqPxfM72-Ws9jqgMF55529P9D9WhXjHThUDnaRIFwgiCl7l.f
13,_2AkMXJ2Fyf8NxqwFRmPkSzG7naIlxyQHEieKhe5CpJRMxHRl-yT9kqmkttRB6PKdPnR0Qah3tgrJnvGix2lHFzUnQ_q42,0033WrSXqPxfM72-Ws9jqgMF55529P9D9WFVBMk5vmMKdTvKY7Hqmi-5
14,_2AkMXJ2Fkf8NxqwFRmPkSzG7naIRwyw_EieKhe5C_JRMxHRl-yT9jqm5TtRB6PKdPiyDckSLZqjT1TsBRmqC3uR1ECnKg,0033WrSXqPxfM72-Ws9jqgMF55529P9D9W5c.xRcMaIkZUCoumpd9OY.
15,_2AkMXJ2FXf8NxqwFRmPkSzG7naYlyygrEieKhe5CMJRMxHRl-yT9jqn0stRB6PKdPuEzDFN4IUlKmdG2R5U4VHR1XRUxI,0033WrSXqPxfM72-Ws9jqgMF55529P9D9WWkY6EwsKg.NX8PgeUfp0j3
16,_2AkMXJ2Fcf8NxqwFRmPkSzG7naYVxyAjEieKhe5CHJRMxHRl-yT9kqhYetRB6PKdPsxjQB1tW5VL5i7CZw-5L2j64XG94,0033WrSXqPxfM72-Ws9jqgMF55529P9D9W5N8l93K5x7.L2n1Ag3RnY5
